method,method_label,n_pop,seed,fitness,feasible,wall_s,seed_ms,n_exact_eval,n_surrogate_eval,stopped_at_gen,frac_feasible_init,success
ga,GA (analytical model only),6,2025,29.948067,1,6.0288,0.000,1213,0,300,0.0000,0
ga,GA (analytical model only),6,2026,14.046534,1,1.7610,0.000,441,0,124,0.0000,0
ga,GA (analytical model only),6,2027,27.043327,1,5.3727,0.000,943,0,249,0.0000,0
ga,GA (analytical model only),6,2028,24.020893,1,3.4899,0.000,714,0,180,0.0000,0
ga,GA (analytical model only),6,2029,17.935208,1,1.7457,0.000,363,0,97,0.0000,0
ga,GA (analytical model only),6,2030,15.045191,1,4.6062,0.000,846,0,252,0.0000,0
ga,GA (analytical model only),6,2031,23.326607,1,4.5185,0.000,929,0,298,0.0000,0
ga,GA (analytical model only),6,2032,36.147367,1,6.6790,0.000,1287,0,300,0.0000,0
ga,GA (analytical model only),6,2033,15.281627,1,4.3039,0.000,886,0,294,0.0000,0
ga,GA (analytical model only),6,2034,29.592027,1,7.0390,0.000,1139,0,300,0.0000,0
ga,GA (analytical model only),10,2025,28.307703,1,8.4936,0.000,1479,0,234,0.0000,0
ga,GA (analytical model only),10,2026,23.665529,1,7.0774,0.000,1455,0,227,0.0000,0
ga,GA (analytical model only),10,2027,31.154671,1,10.9289,0.000,1980,0,300,0.0000,0
ga,GA (analytical model only),10,2028,15.929688,1,5.1283,0.000,912,0,154,0.0000,0
ga,GA (analytical model only),10,2029,24.487887,1,10.6215,0.000,1786,0,300,0.0000,0
ga,GA (analytical model only),10,2030,33.009739,1,7.9766,0.000,1395,0,214,0.0000,0
ga,GA (analytical model only),10,2031,14.935824,1,7.2614,0.000,1452,0,190,0.0000,0
ga,GA (analytical model only),10,2032,32.580865,1,11.3696,0.000,2156,0,300,0.0000,0
ga,GA (analytical model only),10,2033,32.260571,1,11.4889,0.000,2131,0,300,0.0000,0
ga,GA (analytical model only),10,2034,41.612088,1,12.0980,0.000,2179,0,300,0.0000,0
ga,GA (analytical model only),16,2025,49.369572,1,16.7781,0.000,3324,0,300,0.0000,1
ga,GA (analytical model only),16,2026,33.553873,1,12.9908,0.000,2697,0,242,0.0000,0
ga,GA (analytical model only),16,2027,28.841025,1,16.8282,0.000,3297,0,300,0.0000,0
ga,GA (analytical model only),16,2028,18.987390,1,12.4049,0.000,2480,0,227,0.0000,0
ga,GA (analytical model only),16,2029,19.433442,1,7.3306,0.000,1371,0,100,0.0000,0
ga,GA (analytical model only),16,2030,20.087413,1,7.8928,0.000,1686,0,161,0.0000,0
ga,GA (analytical model only),16,2031,42.200859,1,20.2546,0.000,3525,0,300,0.0000,0
ga,GA (analytical model only),16,2032,19.259520,1,8.9379,0.000,1704,0,135,0.0000,0
ga,GA (analytical model only),16,2033,31.847021,1,14.7772,0.000,2800,0,252,0.0000,0
ga,GA (analytical model only),16,2034,44.568403,1,18.2151,0.000,3412,0,300,0.0000,0
ga,GA (analytical model only),25,2025,27.281537,1,11.7695,0.000,2293,0,121,0.0000,0
ga,GA (analytical model only),25,2026,47.408842,1,32.4651,0.000,5806,0,300,0.0000,0
ga,GA (analytical model only),25,2027,33.118730,1,19.5435,0.000,4195,0,222,0.0000,0
ga,GA (analytical model only),25,2028,20.313016,1,21.5225,0.000,4009,0,211,0.0000,0
ga,GA (analytical model only),25,2029,33.118730,1,17.0989,0.000,3342,0,171,0.0000,0
ga,GA (analytical model only),25,2030,47.833889,1,29.6259,0.000,5326,0,286,0.0000,0
ga,GA (analytical model only),25,2031,35.327359,1,32.9863,0.000,5924,0,300,0.0000,0
ga,GA (analytical model only),25,2032,27.718753,1,15.8881,0.000,3498,0,201,0.0000,0
ga,GA (analytical model only),25,2033,21.105512,1,16.9318,0.000,3308,0,175,0.0000,0
ga,GA (analytical model only),25,2034,26.535567,1,15.3563,0.000,2818,0,152,0.0000,0
ga,GA (analytical model only),50,2025,39.908656,1,68.0654,0.000,12697,0,300,0.0000,0
ga,GA (analytical model only),50,2026,47.761555,1,66.3061,0.000,12858,0,300,0.0000,0
ga,GA (analytical model only),50,2027,29.490364,1,26.3139,0.000,6504,0,159,0.0000,0
ga,GA (analytical model only),50,2028,47.761555,1,55.8556,0.000,11295,0,259,0.0000,0
ga,GA (analytical model only),50,2029,23.919519,1,19.1635,0.000,4171,0,92,0.0000,0
ga,GA (analytical model only),50,2030,36.178443,1,40.8970,0.000,8603,0,200,0.0000,0
ga,GA (analytical model only),50,2031,47.761555,1,63.2624,0.000,12290,0,285,0.0000,0
ga,GA (analytical model only),50,2032,36.524630,1,66.6185,0.000,11227,0,278,0.0000,0
ga,GA (analytical model only),50,2033,47.761555,1,67.1636,0.000,12756,0,300,0.0000,0
ga,GA (analytical model only),50,2034,32.366782,1,29.5667,0.000,7108,0,172,0.0000,0
ga,GA (analytical model only),100,2025,24.020893,1,29.3711,0.000,7422,0,85,0.0000,0
ga,GA (analytical model only),100,2026,21.203992,1,53.1368,0.000,9976,0,117,0.0000,0
ga,GA (analytical model only),100,2027,49.704374,1,89.1983,0.000,18497,0,212,0.0000,1
ga,GA (analytical model only),100,2028,49.704374,1,102.7535,0.000,18831,0,218,0.0000,1
ga,GA (analytical model only),100,2029,47.822827,1,117.7589,0.000,25496,0,300,0.0000,0
ga,GA (analytical model only),100,2030,35.462088,1,69.2368,0.000,14217,0,159,0.0000,0
ga,GA (analytical model only),100,2031,30.542159,1,82.2178,0.000,15036,0,176,0.0000,0
ga,GA (analytical model only),100,2032,24.331167,1,55.4540,0.000,11835,0,136,0.0000,0
ga,GA (analytical model only),100,2033,30.542159,1,54.9145,0.000,10531,0,122,0.0000,0
ga,GA (analytical model only),100,2034,36.505978,1,105.4717,0.000,21256,0,244,0.0000,0
ga,GA (analytical model only),200,2025,49.704374,1,156.9634,0.000,31244,0,177,0.0000,1
ga,GA (analytical model only),200,2026,33.161693,1,119.1272,0.000,23885,0,132,0.0000,0
ga,GA (analytical model only),200,2027,32.567923,1,166.6944,0.000,38382,0,224,0.0000,0
ga,GA (analytical model only),200,2028,36.178443,1,148.2356,0.000,31392,0,177,0.0000,0
ga,GA (analytical model only),200,2029,35.462088,1,110.9063,0.000,23302,0,129,0.0000,0
ga,GA (analytical model only),200,2030,47.839504,1,196.6118,0.000,41816,0,238,0.0000,0
ga,GA (analytical model only),200,2031,28.354189,1,113.9800,0.000,22020,0,125,0.0000,0
ga,GA (analytical model only),200,2032,33.118730,1,85.6946,0.000,18661,0,103,0.0000,0
ga,GA (analytical model only),200,2033,47.833889,1,365.4063,0.000,52446,0,300,0.0000,0
ga,GA (analytical model only),200,2034,34.621158,1,328.9136,0.000,27374,0,154,0.0000,0
ga_gnn,GA + GNN surrogate,6,2025,30.067448,1,17.9758,0.000,1032,802,300,0.0000,0
ga_gnn,GA + GNN surrogate,6,2026,14.046534,1,5.4869,0.000,390,337,124,0.0000,0
ga_gnn,GA + GNN surrogate,6,2027,27.043327,1,14.0794,0.000,735,645,249,0.0000,0
ga_gnn,GA + GNN surrogate,6,2028,23.827735,1,9.3476,0.000,571,507,180,0.0000,0
ga_gnn,GA + GNN surrogate,6,2029,17.935208,1,5.6916,0.000,315,266,97,0.0000,0
ga_gnn,GA + GNN surrogate,6,2030,15.045191,1,14.8864,0.000,787,729,252,0.0000,0
ga_gnn,GA + GNN surrogate,6,2031,23.326607,1,14.6748,0.000,878,823,298,0.0000,0
ga_gnn,GA + GNN surrogate,6,2032,36.147367,1,20.1141,0.000,1091,853,300,0.0000,0
ga_gnn,GA + GNN surrogate,6,2033,15.281627,1,14.1298,0.000,832,780,294,0.0000,0
ga_gnn,GA + GNN surrogate,6,2034,29.592027,1,21.7992,0.000,1008,852,300,0.0000,0
ga_gnn,GA + GNN surrogate,10,2025,28.307703,1,23.2918,0.000,1424,1370,234,0.0000,0
ga_gnn,GA + GNN surrogate,10,2026,23.665529,1,19.5341,0.000,1401,1345,227,0.0000,0
ga_gnn,GA + GNN surrogate,10,2027,31.146154,1,29.4203,0.000,1883,1724,300,0.0000,0
ga_gnn,GA + GNN surrogate,10,2028,15.929688,1,13.6051,0.000,866,827,154,0.0000,0
ga_gnn,GA + GNN surrogate,10,2029,24.487887,1,30.0484,0.000,1733,1662,300,0.0000,0
ga_gnn,GA + GNN surrogate,10,2030,33.009739,1,21.9498,0.000,1339,1283,214,0.0000,0
ga_gnn,GA + GNN surrogate,10,2031,14.935824,1,21.2572,0.000,1257,1040,190,0.0000,0
ga_gnn,GA + GNN surrogate,10,2032,32.580865,1,30.3940,0.000,1965,1733,300,0.0000,0
ga_gnn,GA + GNN surrogate,10,2033,32.117386,1,30.5625,0.000,1901,1748,300,0.0000,0
ga_gnn,GA + GNN surrogate,10,2034,40.878541,1,33.1963,0.000,1991,1760,300,0.0000,0
ga_gnn,GA + GNN surrogate,16,2025,49.369572,1,34.2174,0.000,2458,3211,300,0.0000,1
ga_gnn,GA + GNN surrogate,16,2026,33.553873,1,27.9051,0.000,1965,2628,242,0.0000,0
ga_gnn,GA + GNN surrogate,16,2027,29.800655,1,35.4445,0.000,2400,3135,300,0.0000,0
ga_gnn,GA + GNN surrogate,16,2028,18.987390,1,26.3526,0.000,1845,2404,227,0.0000,0
ga_gnn,GA + GNN surrogate,16,2029,20.056584,1,18.0022,0.000,992,1003,100,0.0000,0
ga_gnn,GA + GNN surrogate,16,2030,20.087413,1,18.8124,0.000,1306,1623,161,0.0000,0
ga_gnn,GA + GNN surrogate,16,2031,42.200859,1,42.4538,0.000,2606,3212,300,0.0000,0
ga_gnn,GA + GNN surrogate,16,2032,19.951006,1,21.4630,0.000,1253,1348,135,0.0000,0
ga_gnn,GA + GNN surrogate,16,2033,31.847021,1,28.8811,0.000,2044,2722,252,0.0000,0
ga_gnn,GA + GNN surrogate,16,2034,44.568403,1,37.2527,0.000,2486,3227,300,0.0000,0
ga_gnn,GA + GNN surrogate,25,2025,27.281537,1,15.0560,0.000,1022,2217,121,0.0000,0
ga_gnn,GA + GNN surrogate,25,2026,47.408842,1,36.3537,0.000,2454,5782,300,0.0000,0
ga_gnn,GA + GNN surrogate,25,2027,33.657120,1,22.1880,0.000,1600,3739,192,0.0000,0
ga_gnn,GA + GNN surrogate,25,2028,28.099037,1,31.0102,0.000,2010,4632,245,0.0000,0
ga_gnn,GA + GNN surrogate,25,2029,33.118730,1,24.9293,0.000,1955,4557,239,0.0000,0
ga_gnn,GA + GNN surrogate,25,2030,47.761555,1,38.0644,0.000,2520,5717,300,0.0000,0
ga_gnn,GA + GNN surrogate,25,2031,27.550644,1,19.2636,0.000,1251,2804,151,0.0000,0
ga_gnn,GA + GNN surrogate,25,2032,27.156999,1,15.1452,0.000,1186,2538,142,0.0000,0
ga_gnn,GA + GNN surrogate,25,2033,21.929414,1,28.1957,0.000,1658,3757,202,0.0000,0
ga_gnn,GA + GNN surrogate,25,2034,30.783744,1,25.5133,0.000,1976,4462,240,0.0000,0
ga_gnn,GA + GNN surrogate,50,2025,41.483606,1,49.9923,0.000,2586,13079,300,0.0000,0
ga_gnn,GA + GNN surrogate,50,2026,27.043327,1,13.3893,0.000,821,4080,95,0.0000,0
ga_gnn,GA + GNN surrogate,50,2027,30.137547,1,29.6415,0.000,1943,9999,235,0.0000,0
ga_gnn,GA + GNN surrogate,50,2028,27.913815,1,34.3556,0.000,2046,10686,248,0.0000,0
ga_gnn,GA + GNN surrogate,50,2029,23.905456,1,11.5482,0.000,743,3477,72,0.0000,0
ga_gnn,GA + GNN surrogate,50,2030,36.178443,1,14.7877,0.000,1113,5720,128,0.0000,0
ga_gnn,GA + GNN surrogate,50,2031,47.761555,1,36.4427,0.000,2488,13318,300,0.0000,0
ga_gnn,GA + GNN surrogate,50,2032,49.704374,1,38.8698,0.000,2492,13385,300,0.0000,1
ga_gnn,GA + GNN surrogate,50,2033,30.224394,1,26.4380,0.000,1581,8325,186,0.0000,0
ga_gnn,GA + GNN surrogate,50,2034,23.810275,1,37.8679,0.000,2296,12145,274,0.0000,0
ga_gnn,GA + GNN surrogate,100,2025,49.704374,1,34.5269,0.000,2020,22424,239,0.0000,1
ga_gnn,GA + GNN surrogate,100,2026,49.369572,1,38.1019,0.000,2244,23914,259,0.0000,1
ga_gnn,GA + GNN surrogate,100,2027,49.704374,1,35.7784,0.000,2088,22917,246,0.0000,1
ga_gnn,GA + GNN surrogate,100,2028,48.120693,1,46.6126,0.000,2541,27962,300,0.0000,0
ga_gnn,GA + GNN surrogate,100,2029,49.704374,1,29.1338,0.000,1753,19225,208,0.0000,1
ga_gnn,GA + GNN surrogate,100,2030,27.156999,1,15.6780,0.000,965,9888,111,0.0000,0
ga_gnn,GA + GNN surrogate,100,2031,21.403015,1,33.2879,0.000,1679,16545,173,0.0000,0
ga_gnn,GA + GNN surrogate,100,2032,15.111190,1,24.4803,0.000,1179,12580,130,0.0000,0
ga_gnn,GA + GNN surrogate,100,2033,33.136524,1,36.3213,0.000,1932,20715,232,0.0000,0
ga_gnn,GA + GNN surrogate,100,2034,35.211231,1,45.1731,0.000,2498,27585,300,0.0000,0
ga_gnn,GA + GNN surrogate,200,2025,49.369572,1,38.4838,0.000,1667,36588,191,0.0000,1
ga_gnn,GA + GNN surrogate,200,2026,49.704374,1,40.8865,0.000,1639,35260,185,0.0000,1
ga_gnn,GA + GNN surrogate,200,2027,47.839504,1,58.3499,0.000,2496,55988,300,0.0000,0
ga_gnn,GA + GNN surrogate,200,2028,36.178443,1,34.8141,0.000,1524,33037,172,0.0000,0
ga_gnn,GA + GNN surrogate,200,2029,33.072356,1,19.8384,0.000,848,17447,89,0.0000,0
ga_gnn,GA + GNN surrogate,200,2030,29.761511,1,32.5826,0.000,1855,37455,194,0.0000,0
ga_gnn,GA + GNN surrogate,200,2031,25.016192,1,31.8870,0.000,1442,30915,164,0.0000,0
ga_gnn,GA + GNN surrogate,200,2032,31.672210,1,31.8214,0.000,1364,29738,156,0.0000,0
ga_gnn,GA + GNN surrogate,200,2033,38.128207,1,27.3020,0.000,1145,24365,125,0.0000,0
ga_gnn,GA + GNN surrogate,200,2034,20.670759,1,27.0280,0.000,1006,21210,118,0.0000,0
ga_gnn_policy,GA + GNN + policy seeding,6,2025,49.695191,1,6.2899,27.351,301,104,50,0.3333,1
ga_gnn_policy,GA + GNN + policy seeding,6,2026,49.704374,1,5.6553,34.509,361,300,117,0.3333,1
ga_gnn_policy,GA + GNN + policy seeding,6,2027,49.704374,1,4.0132,27.037,236,185,73,0.3333,1
ga_gnn_policy,GA + GNN + policy seeding,6,2028,49.704374,1,4.7846,28.684,304,246,94,0.3333,1
ga_gnn_policy,GA + GNN + policy seeding,6,2029,49.704374,1,6.6364,27.262,452,403,154,0.3333,1
ga_gnn_policy,GA + GNN + policy seeding,6,2030,49.704374,1,4.0642,29.028,235,171,65,0.3333,1
ga_gnn_policy,GA + GNN + policy seeding,6,2031,49.695191,1,6.9518,26.078,348,146,50,0.3333,1
ga_gnn_policy,GA + GNN + policy seeding,6,2032,47.761555,1,3.8163,31.705,246,179,65,0.3333,0
ga_gnn_policy,GA + GNN + policy seeding,6,2033,49.704374,1,7.6664,26.818,465,376,146,0.3333,1
ga_gnn_policy,GA + GNN + policy seeding,6,2034,49.704374,1,6.1228,30.236,413,356,133,0.3333,1
ga_gnn_policy,GA + GNN + policy seeding,10,2025,49.704374,1,5.6868,27.683,401,360,70,0.3000,1
ga_gnn_policy,GA + GNN + policy seeding,10,2026,49.704374,1,8.2912,29.281,630,580,118,0.3000,1
ga_gnn_policy,GA + GNN + policy seeding,10,2027,49.704374,1,8.4932,26.903,644,600,116,0.3000,1
ga_gnn_policy,GA + GNN + policy seeding,10,2028,49.704374,1,7.8477,30.589,590,544,106,0.3000,1
ga_gnn_policy,GA + GNN + policy seeding,10,2029,49.704374,1,6.6105,26.268,601,560,103,0.3000,1
ga_gnn_policy,GA + GNN + policy seeding,10,2030,49.704374,1,3.2947,9.702,514,473,93,0.3000,1
ga_gnn_policy,GA + GNN + policy seeding,10,2031,49.704374,1,3.1463,10.576,492,434,76,0.3000,1
ga_gnn_policy,GA + GNN + policy seeding,10,2032,49.704374,1,3.5123,9.389,602,561,108,0.3000,1
ga_gnn_policy,GA + GNN + policy seeding,10,2033,49.704374,1,3.1091,14.484,503,453,83,0.3000,1
ga_gnn_policy,GA + GNN + policy seeding,10,2034,49.704374,1,3.6388,10.094,591,537,95,0.3000,1
ga_gnn_policy,GA + GNN + policy seeding,16,2025,49.704374,1,4.3583,9.466,729,865,84,0.3125,1
ga_gnn_policy,GA + GNN + policy seeding,16,2026,49.704374,1,4.8702,14.064,792,880,97,0.3125,1
ga_gnn_policy,GA + GNN + policy seeding,16,2027,49.704374,1,4.7255,8.076,828,958,104,0.3125,1
ga_gnn_policy,GA + GNN + policy seeding,16,2028,49.704374,1,3.1264,8.188,513,572,58,0.3125,1
ga_gnn_policy,GA + GNN + policy seeding,16,2029,49.704374,1,4.3198,11.682,646,760,80,0.3125,1
ga_gnn_policy,GA + GNN + policy seeding,16,2030,49.704374,1,7.3330,19.369,565,625,65,0.3125,1
ga_gnn_policy,GA + GNN + policy seeding,16,2031,49.704374,1,7.1486,28.871,548,614,65,0.3125,1
ga_gnn_policy,GA + GNN + policy seeding,16,2032,49.704374,1,7.6482,27.260,618,734,70,0.3125,1
ga_gnn_policy,GA + GNN + policy seeding,16,2033,49.704374,1,8.7615,27.578,707,822,82,0.3125,1
ga_gnn_policy,GA + GNN + policy seeding,16,2034,49.704374,1,9.6064,28.218,772,932,89,0.3125,1
ga_gnn_policy,GA + GNN + policy seeding,25,2025,49.704374,1,7.9590,28.853,641,1393,72,0.3200,1
ga_gnn_policy,GA + GNN + policy seeding,25,2026,49.704374,1,8.0479,27.008,628,1274,70,0.3200,1
ga_gnn_policy,GA + GNN + policy seeding,25,2027,49.704374,1,7.8385,27.311,601,1107,70,0.3200,1
ga_gnn_policy,GA + GNN + policy seeding,25,2028,49.704374,1,10.2213,31.947,857,1854,101,0.3200,1
ga_gnn_policy,GA + GNN + policy seeding,25,2029,49.704374,1,8.4721,31.018,697,1437,81,0.3200,1
ga_gnn_policy,GA + GNN + policy seeding,25,2030,49.704374,1,7.5135,27.256,605,1176,71,0.3200,1
ga_gnn_policy,GA + GNN + policy seeding,25,2031,49.704374,1,8.1316,27.377,660,1290,75,0.3200,1
ga_gnn_policy,GA + GNN + policy seeding,25,2032,49.704374,1,8.4245,27.172,677,1366,77,0.3200,1
ga_gnn_policy,GA + GNN + policy seeding,25,2033,49.704374,1,8.9823,27.507,726,1513,85,0.3200,1
ga_gnn_policy,GA + GNN + policy seeding,25,2034,49.704374,1,8.3907,28.845,684,1301,80,0.3200,1
ga_gnn_policy,GA + GNN + policy seeding,50,2025,49.704374,1,8.5837,28.543,660,3002,70,0.3200,1
ga_gnn_policy,GA + GNN + policy seeding,50,2026,49.704374,1,7.8988,29.683,597,2815,62,0.3200,1
ga_gnn_policy,GA + GNN + policy seeding,50,2027,49.704374,1,8.5803,28.013,663,3154,70,0.3200,1
ga_gnn_policy,GA + GNN + policy seeding,50,2028,49.704374,1,8.0351,27.629,605,2836,63,0.3200,1
ga_gnn_policy,GA + GNN + policy seeding,50,2029,49.704374,1,7.7103,26.806,565,2643,59,0.3200,1
ga_gnn_policy,GA + GNN + policy seeding,50,2030,49.704374,1,9.3430,32.630,719,3424,76,0.3200,1
ga_gnn_policy,GA + GNN + policy seeding,50,2031,49.704374,1,8.0232,26.852,600,2719,63,0.3200,1
ga_gnn_policy,GA + GNN + policy seeding,50,2032,49.704374,1,7.7867,28.483,569,2645,60,0.3200,1
ga_gnn_policy,GA + GNN + policy seeding,50,2033,49.704374,1,7.6754,28.103,560,2658,57,0.3200,1
ga_gnn_policy,GA + GNN + policy seeding,50,2034,49.704374,1,8.1247,32.919,600,2857,62,0.3200,1
ga_gnn_policy,GA + GNN + policy seeding,100,2025,49.695191,1,9.3127,35.116,601,5945,62,0.3300,1
ga_gnn_policy,GA + GNN + policy seeding,100,2026,49.695191,1,8.9214,27.549,583,5636,59,0.3300,1
ga_gnn_policy,GA + GNN + policy seeding,100,2027,49.695191,1,11.7189,36.682,719,6598,69,0.3300,1
ga_gnn_policy,GA + GNN + policy seeding,100,2028,49.704374,1,8.6580,24.804,551,5027,56,0.3300,1
ga_gnn_policy,GA + GNN + policy seeding,100,2029,49.695191,1,9.2313,27.689,602,5811,61,0.3300,1
ga_gnn_policy,GA + GNN + policy seeding,100,2030,49.704374,1,8.9570,27.926,584,5556,59,0.3300,1
ga_gnn_policy,GA + GNN + policy seeding,100,2031,49.704374,1,9.1126,28.621,597,5872,61,0.3300,1
ga_gnn_policy,GA + GNN + policy seeding,100,2032,49.704374,1,8.9876,30.944,577,5462,58,0.3300,1
ga_gnn_policy,GA + GNN + policy seeding,100,2033,49.695191,1,9.0840,28.314,591,5795,60,0.3300,1
ga_gnn_policy,GA + GNN + policy seeding,100,2034,49.704374,1,9.1741,27.915,597,5830,61,0.3300,1
ga_gnn_policy,GA + GNN + policy seeding,200,2025,49.704374,1,12.9919,26.294,599,11667,60,0.3300,1
ga_gnn_policy,GA + GNN + policy seeding,200,2026,49.695191,1,12.6825,28.464,573,11298,58,0.3300,1
ga_gnn_policy,GA + GNN + policy seeding,200,2027,49.704374,1,13.0730,31.868,603,11704,60,0.3300,1
ga_gnn_policy,GA + GNN + policy seeding,200,2028,49.695191,1,13.6722,33.378,607,10700,55,0.3300,1
ga_gnn_policy,GA + GNN + policy seeding,200,2029,49.695191,1,14.6863,22.912,663,11709,60,0.3300,1
ga_gnn_policy,GA + GNN + policy seeding,200,2030,49.695191,1,13.8243,26.926,624,11035,57,0.3300,1
ga_gnn_policy,GA + GNN + policy seeding,200,2031,49.695191,1,13.5937,27.319,621,10847,56,0.3300,1
ga_gnn_policy,GA + GNN + policy seeding,200,2032,49.695191,1,13.5346,24.910,608,10758,55,0.3300,1
ga_gnn_policy,GA + GNN + policy seeding,200,2033,49.695191,1,17.1720,26.695,774,14280,73,0.3300,1
ga_gnn_policy,GA + GNN + policy seeding,200,2034,49.695191,1,13.4118,27.103,604,10650,55,0.3300,1
