method,budget,n_restart,exact_calls,wall_s_per_run,eps_1,target_sum_theta,fitness_mean,fitness_std,fitness_median,fitness_best_of_n,sum_theta_mean
ga,16x9,10,526,2.664,1e-08,20.301,17.5789,2.9512,16.643,23.5541,24.763
ga,16x9,10,526,2.664,1e-07,19.301,19.8801,3.2116,19.8325,24.8347,26.4604
ga,16x9,10,526,2.664,1e-06,18.301,18.9234,3.156,18.7309,26.5516,24.7165
ga,16x9,10,526,2.664,1e-05,17.301,23.5987,5.2375,22.0535,37.4295,24.5488
ga,16x9,10,526,2.664,0.0001,16.301,25.4338,3.5154,25.2693,37.4295,22.9163
ga,24x24,10,795,4.088,1e-08,20.301,20.1555,4.8068,18.6499,27.3249,26.3592
ga,24x24,10,795,4.088,1e-07,19.301,21.9645,4.5099,22.8529,27.3249,24.4905
ga,24x24,10,795,4.088,1e-06,18.301,21.6638,4.7508,21.8645,28.578,24.2015
ga,24x24,10,795,4.088,1e-05,17.301,23.8774,4.2685,22.2481,35.2376,24.3276
ga,24x24,10,795,4.088,0.0001,16.301,27.2558,6.5104,27.6938,40.3205,22.8081
ga,40x40,10,1622,8.279,1e-08,20.301,25.9078,7.2236,27.8252,36.5934,27.5366
ga,40x40,10,1622,8.279,1e-07,19.301,24.9395,6.3002,25.2844,36.5934,26.8796
ga,40x40,10,1622,8.279,1e-06,18.301,29.9705,3.6367,29.5239,36.5934,25.4434
ga,40x40,10,1622,8.279,1e-05,17.301,22.7367,3.3359,21.2794,36.5934,21.4278
ga,40x40,10,1622,8.279,0.0001,16.301,32.8814,9.1671,30.2213,49.7561,22.5814
ga,60x60,10,3362,17.942,1e-08,20.301,22.7787,6.5587,21.9466,33.1617,27.6941
ga,60x60,10,3362,17.942,1e-07,19.301,30.8162,5.9576,29.5467,43.4571,26.0871
ga,60x60,10,3362,17.942,1e-06,18.301,28.3918,9.7915,23.9555,48.9323,24.2394
ga,60x60,10,3362,17.942,1e-05,17.301,33.3199,10.2945,27.0751,49.2818,23.607
ga,60x60,10,3362,17.942,0.0001,16.301,40.4252,5.2568,41.7191,49.2818,24.5527
ga,80x80,10,6060,31.859,1e-08,20.301,30.0235,4.0065,27.6177,38.9207,28.9725
ga,80x80,10,6060,31.859,1e-07,19.301,36.2952,8.799,37.7534,47.7613,26.0973
ga,80x80,10,6060,31.859,1e-06,18.301,31.5429,8.0696,31.6789,47.7613,26.4703
ga,80x80,10,6060,31.859,1e-05,17.301,36.9899,6.7446,37.1432,48.9661,23.9484
ga,80x80,10,6060,31.859,0.0001,16.301,44.7279,7.757,46.7227,50.0,26.9074
ga,120x120,10,12426,67.962,1e-08,20.301,31.117,7.7693,28.8248,47.7616,26.8146
ga,120x120,10,12426,67.962,1e-07,19.301,44.4421,6.3564,47.7614,49.7044,27.6347
ga,120x120,10,12426,67.962,1e-06,18.301,45.8541,7.0493,49.6037,50.0,28.8266
ga,120x120,10,12426,67.962,1e-05,17.301,48.1717,4.4012,49.9882,50.0,28.8198
ga,120x120,10,12426,67.962,0.0001,16.301,49.9421,0.1736,50.0,50.0,29.754
ga,16x9r40,40,526,2.645,1e-08,20.301,17.065,3.6573,16.6801,24.6367,25.3201
ga,16x9r40,40,526,2.645,1e-07,19.301,18.6731,3.747,19.185,26.1551,25.8885
ga,16x9r40,40,526,2.645,1e-06,18.301,20.4693,2.7543,20.3953,26.5516,25.3839
ga,16x9r40,40,526,2.645,1e-05,17.301,22.79,4.1898,21.7677,37.4295,25.9662
ga,16x9r40,40,526,2.645,0.0001,16.301,25.2435,3.7971,25.2874,37.4295,23.463
ga_gnn,16x9,10,308,2.742,1e-08,20.301,19.0502,4.5281,17.021,28.0584,26.358
ga_gnn,16x9,10,308,2.742,1e-07,19.301,22.195,5.7222,24.1196,33.1187,27.5758
ga_gnn,16x9,10,308,2.742,1e-06,18.301,20.4793,5.5377,19.6524,33.1187,27.1636
ga_gnn,16x9,10,308,2.742,1e-05,17.301,23.7888,5.4742,22.955,37.5655,22.5925
ga_gnn,16x9,10,308,2.742,0.0001,16.301,27.462,3.3328,26.0502,37.5655,22.8231
ga_gnn,24x24,10,403,3.448,1e-08,20.301,19.5651,5.8856,16.6314,27.3512,27.6245
ga_gnn,24x24,10,403,3.448,1e-07,19.301,22.3841,6.229,24.5091,31.2779,25.9668
ga_gnn,24x24,10,403,3.448,1e-06,18.301,24.3654,5.6577,25.3587,33.1187,27.3196
ga_gnn,24x24,10,403,3.448,1e-05,17.301,24.8468,3.9787,22.955,34.3297,22.7933
ga_gnn,24x24,10,403,3.448,0.0001,16.301,27.9896,6.6396,27.5174,39.3496,23.4342
ga_gnn,40x40,10,533,4.214,1e-08,20.301,24.3586,6.937,23.9534,36.3183,29.5599
ga_gnn,40x40,10,533,4.214,1e-07,19.301,27.574,5.6832,27.8325,36.3183,27.3459
ga_gnn,40x40,10,533,4.214,1e-06,18.301,27.7286,6.1339,28.8269,36.3183,25.4632
ga_gnn,40x40,10,533,4.214,1e-05,17.301,24.5284,6.642,21.5214,39.3496,22.0424
ga_gnn,40x40,10,533,4.214,0.0001,16.301,35.1884,9.368,34.2446,48.9571,24.145
ga_gnn,60x60,10,684,5.675,1e-08,20.301,24.3137,6.8648,27.157,33.8582,27.3263
ga_gnn,60x60,10,684,5.675,1e-07,19.301,27.4036,5.2716,27.1685,38.6396,26.3017
ga_gnn,60x60,10,684,5.675,1e-06,18.301,36.3604,9.5724,34.0003,48.9044,25.6869
ga_gnn,60x60,10,684,5.675,1e-05,17.301,33.9819,10.2222,28.1708,48.9044,23.75
ga_gnn,60x60,10,684,5.675,0.0001,16.301,40.0156,7.5941,41.6657,49.9763,25.1467
ga_gnn,80x80,10,805,6.482,1e-08,20.301,27.3526,4.5325,27.1002,36.5481,28.3435
ga_gnn,80x80,10,805,6.482,1e-07,19.301,35.1991,5.7684,33.3757,47.7613,28.0773
ga_gnn,80x80,10,805,6.482,1e-06,18.301,30.2284,9.7608,27.1456,47.7616,28.3801
ga_gnn,80x80,10,805,6.482,1e-05,17.301,40.4046,7.483,40.7377,49.5029,25.1943
ga_gnn,80x80,10,805,6.482,0.0001,16.301,46.6215,3.3006,47.284,50.0,26.8118
ga_gnn,120x120,10,1070,9.446,1e-08,20.301,31.7335,4.7363,28.5804,38.9207,27.6928
ga_gnn,120x120,10,1070,9.446,1e-07,19.301,41.3366,7.9856,46.4285,49.7044,27.708
ga_gnn,120x120,10,1070,9.446,1e-06,18.301,43.0689,8.9815,48.6322,49.7044,30.2145
ga_gnn,120x120,10,1070,9.446,1e-05,17.301,48.405,2.4257,49.7396,50.0,29.0561
ga_gnn,120x120,10,1070,9.446,0.0001,16.301,49.7482,0.6024,50.0,50.0,28.8273
ga_gnn,40x40r40,40,524,4.28,1e-08,20.301,23.4447,6.2667,23.8383,36.3183,28.4803
ga_gnn,40x40r40,40,524,4.28,1e-07,19.301,25.1682,5.598,25.6929,36.3183,26.5034
ga_gnn,40x40r40,40,524,4.28,1e-06,18.301,25.7773,5.2203,25.0041,36.3183,24.8556
ga_gnn,40x40r40,40,524,4.28,1e-05,17.301,25.5625,6.5669,22.7464,45.2242,22.6473
ga_gnn,40x40r40,40,524,4.28,0.0001,16.301,33.5362,7.1471,33.8933,48.9571,23.4858
ga_gnn_policy,16x9,10,181,1.629,1e-08,20.301,47.7614,0.0001,47.7613,47.7616,26.6939
ga_gnn_policy,16x9,10,181,1.629,1e-07,19.301,49.5046,0.5811,49.6952,49.7044,28.5901
ga_gnn_policy,16x9,10,181,1.629,1e-06,18.301,49.5881,0.2392,49.7044,49.7044,28.8684
ga_gnn_policy,16x9,10,181,1.629,1e-05,17.301,49.9776,0.0671,50.0,50.0,29.1944
ga_gnn_policy,16x9,10,181,1.629,0.0001,16.301,49.9226,0.1184,50.0,50.0,28.668
ga_gnn_policy,24x24,10,222,1.642,1e-08,20.301,47.7615,0.0001,47.7616,47.7616,26.702
ga_gnn_policy,24x24,10,222,1.642,1e-07,19.301,49.7007,0.0045,49.7044,49.7044,28.7503
ga_gnn_policy,24x24,10,222,1.642,1e-06,18.301,49.7044,0.0,49.7044,49.7044,28.816
ga_gnn_policy,24x24,10,222,1.642,1e-05,17.301,49.9266,0.2201,50.0,50.0,29.0884
ga_gnn_policy,24x24,10,222,1.642,0.0001,16.301,49.9157,0.1107,50.0,50.0,28.5178
ga_gnn_policy,40x40,10,270,1.954,1e-08,20.301,47.7682,0.0199,47.7616,47.828,26.7918
ga_gnn_policy,40x40,10,270,1.954,1e-07,19.301,49.7044,0.0,49.7044,49.7044,28.6195
ga_gnn_policy,40x40,10,270,1.954,1e-06,18.301,49.7408,0.0888,49.7044,50.0,29.0456
ga_gnn_policy,40x40,10,270,1.954,1e-05,17.301,49.9545,0.1366,50.0,50.0,29.1825
ga_gnn_policy,40x40,10,270,1.954,0.0001,16.301,49.9756,0.0732,50.0,50.0,29.0536
ga_gnn_policy,60x60,10,320,2.047,1e-08,20.301,47.7614,0.0001,47.7613,47.7616,26.7433
ga_gnn_policy,60x60,10,320,2.047,1e-07,19.301,49.657,0.136,49.7044,49.7044,28.5446
ga_gnn_policy,60x60,10,320,2.047,1e-06,18.301,49.7339,0.0887,49.7044,50.0,29.0529
ga_gnn_policy,60x60,10,320,2.047,1e-05,17.301,50.0,0.0,50.0,50.0,29.2665
ga_gnn_policy,60x60,10,320,2.047,0.0001,16.301,50.0,0.0,50.0,50.0,29.2659
ga_gnn_policy,80x80,10,400,2.587,1e-08,20.301,47.7614,0.0001,47.7613,47.7616,26.7329
ga_gnn_policy,80x80,10,400,2.587,1e-07,19.301,49.6989,0.0045,49.6952,49.7044,28.7634
ga_gnn_policy,80x80,10,400,2.587,1e-06,18.301,49.7339,0.0887,49.7044,50.0,29.1517
ga_gnn_policy,80x80,10,400,2.587,1e-05,17.301,50.0,0.0,50.0,50.0,29.3734
ga_gnn_policy,80x80,10,400,2.587,0.0001,16.301,50.0,0.0,50.0,50.0,29.3961
ga_gnn_policy,120x120,10,474,3.567,1e-08,20.301,47.7613,0.0,47.7613,47.7613,26.7611
ga_gnn_policy,120x120,10,474,3.567,1e-07,19.301,49.7007,0.0045,49.7044,49.7044,28.6102
ga_gnn_policy,120x120,10,474,3.567,1e-06,18.301,49.7339,0.0887,49.7044,50.0,29.25
ga_gnn_policy,120x120,10,474,3.567,1e-05,17.301,50.0,0.0,50.0,50.0,29.3263
ga_gnn_policy,120x120,10,474,3.567,0.0001,16.301,50.0,0.0,50.0,50.0,29.3813
ga_gnn_policy,120x120r40,40,478,3.664,1e-08,20.301,47.7613,0.0,47.7613,47.7613,26.7612
ga_gnn_policy,120x120r40,40,478,3.664,1e-07,19.301,49.7,0.0046,49.7044,49.7044,28.7003
ga_gnn_policy,120x120r40,40,478,3.664,1e-06,18.301,49.7709,0.1234,49.7044,50.0,29.1565
ga_gnn_policy,120x120r40,40,478,3.664,1e-05,17.301,50.0,0.0,50.0,50.0,29.3158
ga_gnn_policy,120x120r40,40,478,3.664,0.0001,16.301,50.0,0.0,50.0,50.0,29.3222
