axis,method,budget,fitness_mean,fitness_std,success_rate,n_runs_reporting
wall_s,ga,1.4854,-0.7867,0.0,0.0,20
wall_s,ga,1.7,-0.7867,0.0,0.0,20
wall_s,ga,1.9455,-0.7867,0.0,0.0,20
wall_s,ga,2.2266,-0.7867,0.0,0.0,20
wall_s,ga,2.5482,-0.2203,2.4401,0.0,20
wall_s,ga,2.9162,0.485,3.4708,0.0,20
wall_s,ga,3.3374,0.485,3.4708,0.0,20
wall_s,ga,3.8195,1.7429,4.5736,0.0,20
wall_s,ga,4.3712,1.7523,4.5687,0.0,20
wall_s,ga,5.0026,2.9238,5.1128,0.0,20
wall_s,ga,5.7251,5.3048,5.5579,0.0,20
wall_s,ga,6.5521,8.5372,5.1145,0.0,20
wall_s,ga,7.4984,11.7813,1.2422,0.0,20
wall_s,ga,8.5815,13.6273,1.8636,0.0,20
wall_s,ga,9.821,14.973,2.2902,0.0,20
wall_s,ga,11.2396,15.4763,2.0158,0.0,20
wall_s,ga,12.863,16.3375,2.3306,0.0,20
wall_s,ga,14.7209,17.1554,2.3014,0.0,20
wall_s,ga,16.8472,17.8749,2.1402,0.0,20
wall_s,ga,19.2806,19.0097,2.8076,0.0,20
wall_s,ga,22.0655,20.4944,3.7531,0.0,20
wall_s,ga,25.2526,22.0574,4.3056,0.0,20
wall_s,ga,28.9001,23.3837,4.5399,0.0,20
wall_s,ga,33.0744,24.8777,5.0871,0.0,20
wall_s,ga,37.8516,26.1012,5.2754,0.0,20
wall_s,ga,43.3189,27.4166,5.3692,0.0,20
wall_s,ga,49.5759,28.726,5.466,0.0,20
wall_s,ga,56.7366,29.9286,5.3131,0.0,20
wall_s,ga,64.9316,31.0742,5.1617,0.0,20
wall_s,ga,74.3103,32.3136,5.0362,0.0,20
wall_s,ga,85.0436,33.3561,5.312,0.0,20
wall_s,ga,97.3273,34.6422,5.5476,0.0,20
wall_s,ga,111.3852,35.5537,6.3336,0.05,20
wall_s,ga,127.4736,36.5368,7.0423,0.1,20
wall_s,ga,145.8858,37.3821,6.8178,0.15,20
wall_s,ga,166.9575,38.0514,6.6619,0.15,20
wall_s,ga,191.0727,38.7829,6.6074,0.15,20
wall_s,ga,218.6712,40.1508,6.373,0.15,20
wall_s,ga,250.2559,41.6897,6.5945,0.2,20
wall_s,ga,286.4027,41.9818,6.7436,0.25,20
wall_s,ga_gnn,0.1,-0.7867,0.0,0.0,17
wall_s,ga_gnn,0.1144,-0.7867,0.0,0.0,17
wall_s,ga_gnn,0.131,-0.7867,0.0,0.0,18
wall_s,ga_gnn,0.1499,-0.7434,0.1784,0.0,18
wall_s,ga_gnn,0.1715,0.5096,3.5609,0.0,19
wall_s,ga_gnn,0.1963,1.1012,4.1714,0.0,19
wall_s,ga_gnn,0.2247,1.7767,4.7047,0.0,19
wall_s,ga_gnn,0.2571,2.6913,5.1512,0.0,20
wall_s,ga_gnn,0.2943,2.754,5.1114,0.0,20
wall_s,ga_gnn,0.3368,2.7967,5.0846,0.0,20
wall_s,ga_gnn,0.3854,2.9574,5.2424,0.0,20
wall_s,ga_gnn,0.4411,4.1251,5.5843,0.0,20
wall_s,ga_gnn,0.5048,5.9318,5.6414,0.0,20
wall_s,ga_gnn,0.5777,8.7866,5.2986,0.0,20
wall_s,ga_gnn,0.6611,9.7374,4.9831,0.0,20
wall_s,ga_gnn,0.7566,11.9651,3.1234,0.0,20
wall_s,ga_gnn,0.8659,13.0898,1.7252,0.0,20
wall_s,ga_gnn,0.991,13.7735,2.2839,0.0,20
wall_s,ga_gnn,1.1342,14.5457,2.1087,0.0,20
wall_s,ga_gnn,1.298,15.3836,2.0426,0.0,20
wall_s,ga_gnn,1.4854,16.2792,2.5127,0.0,20
wall_s,ga_gnn,1.7,16.9985,2.5268,0.0,20
wall_s,ga_gnn,1.9455,18.2481,3.2293,0.0,20
wall_s,ga_gnn,2.2266,18.8023,3.4031,0.0,20
wall_s,ga_gnn,2.5482,20.7227,4.3994,0.0,20
wall_s,ga_gnn,2.9162,21.4554,4.3029,0.0,20
wall_s,ga_gnn,3.3374,23.3,4.8828,0.0,20
wall_s,ga_gnn,3.8195,25.0237,5.3152,0.0,20
wall_s,ga_gnn,4.3712,26.3366,5.5224,0.0,20
wall_s,ga_gnn,5.0026,27.7484,5.4711,0.0,20
wall_s,ga_gnn,5.7251,29.0889,5.7433,0.0,20
wall_s,ga_gnn,6.5521,30.0686,6.2513,0.0,20
wall_s,ga_gnn,7.4984,30.8369,6.7341,0.0,20
wall_s,ga_gnn,8.5815,31.7672,7.4137,0.0,20
wall_s,ga_gnn,9.821,32.8016,7.5442,0.0,20
wall_s,ga_gnn,11.2396,34.345,8.0876,0.05,20
wall_s,ga_gnn,12.863,35.2655,8.1685,0.05,20
wall_s,ga_gnn,14.7209,36.6022,8.0286,0.15,20
wall_s,ga_gnn,16.8472,37.7107,8.1565,0.2,20
wall_s,ga_gnn,19.2806,38.9717,8.108,0.2,20
wall_s,ga_gnn,22.0655,40.3992,7.9782,0.3,20
wall_s,ga_gnn,25.2526,41.7542,7.488,0.3,20
wall_s,ga_gnn,28.9001,42.465,7.3142,0.3,20
wall_s,ga_gnn,33.0744,43.0148,6.9831,0.3,20
wall_s,ga_gnn,37.8516,43.0148,6.9831,0.3,20
wall_s,ga_gnn,43.3189,43.0148,6.9831,0.3,20
wall_s,ga_gnn,49.5759,43.0148,6.9831,0.3,20
wall_s,ga_gnn,56.7366,43.0148,6.9831,0.3,20
wall_s,ga_gnn,64.9316,43.0148,6.9831,0.3,20
wall_s,ga_gnn,74.3103,43.0148,6.9831,0.3,20
wall_s,ga_gnn,85.0436,43.0148,6.9831,0.3,20
wall_s,ga_gnn,97.3273,43.0148,6.9831,0.3,20
wall_s,ga_gnn,111.3852,43.0148,6.9831,0.3,20
wall_s,ga_gnn,127.4736,43.0148,6.9831,0.3,20
wall_s,ga_gnn,145.8858,43.0148,6.9831,0.3,20
wall_s,ga_gnn,166.9575,43.0148,6.9831,0.3,20
wall_s,ga_gnn,191.0727,43.0148,6.9831,0.3,20
wall_s,ga_gnn,218.6712,43.0148,6.9831,0.3,20
wall_s,ga_gnn,250.2559,43.0148,6.9831,0.3,20
wall_s,ga_gnn,286.4027,43.0148,6.9831,0.3,20
wall_s,ga_gnn_policy,0.1,48.3179,0.5886,0.0,19
wall_s,ga_gnn_policy,0.1144,48.3488,0.5892,0.0,20
wall_s,ga_gnn_policy,0.131,48.4075,0.5861,0.0,20
wall_s,ga_gnn_policy,0.1499,48.5256,0.5622,0.0,20
wall_s,ga_gnn_policy,0.1715,48.6438,0.5106,0.0,20
wall_s,ga_gnn_policy,0.1963,48.6456,0.5117,0.0,20
wall_s,ga_gnn_policy,0.2247,48.8378,0.5017,0.1,20
wall_s,ga_gnn_policy,0.2571,49.0293,0.4083,0.2,20
wall_s,ga_gnn_policy,0.2943,49.0642,0.4309,0.25,20
wall_s,ga_gnn_policy,0.3368,49.1962,0.3446,0.35,20
wall_s,ga_gnn_policy,0.3854,49.2344,0.3555,0.4,20
wall_s,ga_gnn_policy,0.4411,49.3084,0.3646,0.5,20
wall_s,ga_gnn_policy,0.5048,49.3854,0.3579,0.6,20
wall_s,ga_gnn_policy,0.5777,49.5665,0.2605,0.85,20
wall_s,ga_gnn_policy,0.6611,49.6769,0.0201,1.0,20
wall_s,ga_gnn_policy,0.7566,49.6829,0.017,1.0,20
wall_s,ga_gnn_policy,0.8659,49.6854,0.0168,1.0,20
wall_s,ga_gnn_policy,0.991,49.6866,0.0161,1.0,20
wall_s,ga_gnn_policy,1.1342,49.6873,0.0155,1.0,20
wall_s,ga_gnn_policy,1.298,49.6873,0.0155,1.0,20
wall_s,ga_gnn_policy,1.4854,49.6873,0.0155,1.0,20
wall_s,ga_gnn_policy,1.7,49.6873,0.0155,1.0,20
wall_s,ga_gnn_policy,1.9455,49.688,0.015,1.0,20
wall_s,ga_gnn_policy,2.2266,49.688,0.015,1.0,20
wall_s,ga_gnn_policy,2.5482,49.688,0.015,1.0,20
wall_s,ga_gnn_policy,2.9162,49.688,0.015,1.0,20
wall_s,ga_gnn_policy,3.3374,49.688,0.015,1.0,20
wall_s,ga_gnn_policy,3.8195,49.688,0.015,1.0,20
wall_s,ga_gnn_policy,4.3712,49.688,0.015,1.0,20
wall_s,ga_gnn_policy,5.0026,49.688,0.015,1.0,20
wall_s,ga_gnn_policy,5.7251,49.688,0.015,1.0,20
wall_s,ga_gnn_policy,6.5521,49.688,0.015,1.0,20
wall_s,ga_gnn_policy,7.4984,49.688,0.015,1.0,20
wall_s,ga_gnn_policy,8.5815,49.6887,0.0143,1.0,20
wall_s,ga_gnn_policy,9.821,49.6887,0.0143,1.0,20
wall_s,ga_gnn_policy,11.2396,49.6894,0.0136,1.0,20
wall_s,ga_gnn_policy,12.863,49.6894,0.0136,1.0,20
wall_s,ga_gnn_policy,14.7209,49.6894,0.0136,1.0,20
wall_s,ga_gnn_policy,16.8472,49.6894,0.0136,1.0,20
wall_s,ga_gnn_policy,19.2806,49.6894,0.0136,1.0,20
wall_s,ga_gnn_policy,22.0655,49.6901,0.0128,1.0,20
wall_s,ga_gnn_policy,25.2526,49.6908,0.0119,1.0,20
wall_s,ga_gnn_policy,28.9001,49.6966,0.0085,1.0,20
wall_s,ga_gnn_policy,33.0744,49.6998,0.0046,1.0,20
wall_s,ga_gnn_policy,37.8516,49.6998,0.0046,1.0,20
wall_s,ga_gnn_policy,43.3189,49.6998,0.0046,1.0,20
wall_s,ga_gnn_policy,49.5759,49.6998,0.0046,1.0,20
wall_s,ga_gnn_policy,56.7366,49.6998,0.0046,1.0,20
wall_s,ga_gnn_policy,64.9316,49.6998,0.0046,1.0,20
wall_s,ga_gnn_policy,74.3103,49.6998,0.0046,1.0,20
wall_s,ga_gnn_policy,85.0436,49.6998,0.0046,1.0,20
wall_s,ga_gnn_policy,97.3273,49.6998,0.0046,1.0,20
wall_s,ga_gnn_policy,111.3852,49.6998,0.0046,1.0,20
wall_s,ga_gnn_policy,127.4736,49.6998,0.0046,1.0,20
wall_s,ga_gnn_policy,145.8858,49.6998,0.0046,1.0,20
wall_s,ga_gnn_policy,166.9575,49.6998,0.0046,1.0,20
wall_s,ga_gnn_policy,191.0727,49.6998,0.0046,1.0,20
wall_s,ga_gnn_policy,218.6712,49.6998,0.0046,1.0,20
wall_s,ga_gnn_policy,250.2559,49.6998,0.0046,1.0,20
wall_s,ga_gnn_policy,286.4027,49.6998,0.0046,1.0,20
exact_calls,ga,206.7124,-0.7867,0.0,0.0,20
exact_calls,ga,232.666,-0.7867,0.0,0.0,20
exact_calls,ga,261.8781,-0.7867,0.0,0.0,20
exact_calls,ga,294.758,-0.7867,0.0,0.0,20
exact_calls,ga,331.7661,-0.7867,0.0,0.0,20
exact_calls,ga,373.4206,-0.7803,0.0277,0.0,20
exact_calls,ga,420.3051,0.485,3.4708,0.0,20
exact_calls,ga,473.0762,0.485,3.4708,0.0,20
exact_calls,ga,532.4728,0.485,3.4708,0.0,20
exact_calls,ga,599.3269,1.7429,4.5736,0.0,20
exact_calls,ga,674.5749,1.7429,4.5736,0.0,20
exact_calls,ga,759.2705,2.9238,5.1128,0.0,20
exact_calls,ga,854.6001,2.9238,5.1128,0.0,20
exact_calls,ga,961.8986,5.3048,5.5579,0.0,20
exact_calls,ga,1082.6689,5.3048,5.5579,0.0,20
exact_calls,ga,1218.6024,8.5372,5.1145,0.0,20
exact_calls,ga,1371.6029,11.7813,1.2422,0.0,20
exact_calls,ga,1543.8133,13.2924,1.821,0.0,20
exact_calls,ga,1737.6454,14.112,1.7699,0.0,20
exact_calls,ga,1955.8138,14.9773,2.2833,0.0,20
exact_calls,ga,2201.3743,15.5043,1.9827,0.0,20
exact_calls,ga,2477.7658,16.317,2.3296,0.0,20
exact_calls,ga,2788.8595,16.938,2.2762,0.0,20
exact_calls,ga,3139.0122,17.4965,2.1281,0.0,20
exact_calls,ga,3533.128,18.2076,2.3308,0.0,20
exact_calls,ga,3976.7267,19.3698,3.0893,0.0,20
exact_calls,ga,4476.021,20.4782,3.5602,0.0,20
exact_calls,ga,5038.0038,21.9966,4.2453,0.0,20
exact_calls,ga,5670.5458,23.2493,4.5345,0.0,20
exact_calls,ga,6382.506,24.627,4.9022,0.0,20
exact_calls,ga,7183.8557,25.6784,5.1563,0.0,20
exact_calls,ga,8085.8182,26.9713,5.2364,0.0,20
exact_calls,ga,9101.0258,28.1208,5.2629,0.0,20
exact_calls,ga,10243.6968,29.3652,5.2711,0.0,20
exact_calls,ga,11529.8349,30.5011,5.1943,0.0,20
exact_calls,ga,12977.4528,31.6114,5.279,0.0,20
exact_calls,ga,14606.8252,32.9538,5.203,0.0,20
exact_calls,ga,16440.7718,33.9921,5.3028,0.0,20
exact_calls,ga,18504.978,34.8869,5.6862,0.0,20
exact_calls,ga,20828.3537,35.7495,6.5846,0.05,20
exact_calls,ga,23443.4388,36.3577,7.0275,0.1,20
exact_calls,ga,26386.8585,36.7264,7.2455,0.15,20
exact_calls,ga,29699.8365,37.3927,6.8041,0.15,20
exact_calls,ga,33428.7726,37.878,6.7143,0.15,20
exact_calls,ga,37625.8918,38.2634,6.6112,0.15,20
exact_calls,ga,42349.9764,39.4344,6.1436,0.15,20
exact_calls,ga,47667.1893,40.9499,6.3372,0.15,20
exact_calls,ga,53652.0,41.9818,6.7436,0.25,20
exact_calls,ga_gnn,50.0,8.2654,4.9318,0.0,20
exact_calls,ga_gnn,56.2777,11.2206,2.8176,0.0,20
exact_calls,ga_gnn,63.3436,11.2241,2.8196,0.0,20
exact_calls,ga_gnn,71.2966,12.2679,1.2567,0.0,20
exact_calls,ga_gnn,80.2482,13.671,2.3274,0.0,20
exact_calls,ga_gnn,90.3237,13.9696,2.0667,0.0,20
exact_calls,ga_gnn,101.6642,14.2759,1.9694,0.0,20
exact_calls,ga_gnn,114.4286,15.1263,2.0756,0.0,20
exact_calls,ga_gnn,128.7956,15.6673,2.0951,0.0,20
exact_calls,ga_gnn,144.9664,16.4385,2.1713,0.0,20
exact_calls,ga_gnn,163.1675,17.3557,3.0796,0.0,20
exact_calls,ga_gnn,183.6539,17.7258,2.9672,0.0,20
exact_calls,ga_gnn,206.7124,18.9911,3.4841,0.0,20
exact_calls,ga_gnn,232.666,20.4981,4.2312,0.0,20
exact_calls,ga_gnn,261.8781,21.1903,4.4407,0.0,20
exact_calls,ga_gnn,294.758,22.6714,4.9411,0.0,20
exact_calls,ga_gnn,331.7661,23.9297,4.9513,0.0,20
exact_calls,ga_gnn,373.4206,25.5685,5.1083,0.0,20
exact_calls,ga_gnn,420.3051,26.972,5.1848,0.0,20
exact_calls,ga_gnn,473.0762,28.3738,5.4315,0.0,20
exact_calls,ga_gnn,532.4728,29.2337,5.7723,0.0,20
exact_calls,ga_gnn,599.3269,30.2009,6.0179,0.0,20
exact_calls,ga_gnn,674.5749,31.0634,6.7202,0.0,20
exact_calls,ga_gnn,759.2705,31.9286,6.8785,0.0,20
exact_calls,ga_gnn,854.6001,33.1397,7.5823,0.0,20
exact_calls,ga_gnn,961.8986,34.1121,8.0118,0.0,20
exact_calls,ga_gnn,1082.6689,34.8316,8.127,0.05,20
exact_calls,ga_gnn,1218.6024,35.6319,8.0317,0.15,20
exact_calls,ga_gnn,1371.6029,36.8803,7.9074,0.15,20
exact_calls,ga_gnn,1543.8133,37.8612,8.1513,0.2,20
exact_calls,ga_gnn,1737.6454,38.7607,8.358,0.25,20
exact_calls,ga_gnn,1955.8138,39.6268,8.015,0.3,20
exact_calls,ga_gnn,2201.3743,41.2641,7.4611,0.3,20
exact_calls,ga_gnn,2477.7658,42.6446,7.045,0.3,20
exact_calls,ga_gnn,2788.8595,43.0148,6.9831,0.3,20
exact_calls,ga_gnn,3139.0122,43.0148,6.9831,0.3,20
exact_calls,ga_gnn,3533.128,43.0148,6.9831,0.3,20
exact_calls,ga_gnn,3976.7267,43.0148,6.9831,0.3,20
exact_calls,ga_gnn,4476.021,43.0148,6.9831,0.3,20
exact_calls,ga_gnn,5038.0038,43.0148,6.9831,0.3,20
exact_calls,ga_gnn,5670.5458,43.0148,6.9831,0.3,20
exact_calls,ga_gnn,6382.506,43.0148,6.9831,0.3,20
exact_calls,ga_gnn,7183.8557,43.0148,6.9831,0.3,20
exact_calls,ga_gnn,8085.8182,43.0148,6.9831,0.3,20
exact_calls,ga_gnn,9101.0258,43.0148,6.9831,0.3,20
exact_calls,ga_gnn,10243.6968,43.0148,6.9831,0.3,20
exact_calls,ga_gnn,11529.8349,43.0148,6.9831,0.3,20
exact_calls,ga_gnn,12977.4528,43.0148,6.9831,0.3,20
exact_calls,ga_gnn,14606.8252,43.0148,6.9831,0.3,20
exact_calls,ga_gnn,16440.7718,43.0148,6.9831,0.3,20
exact_calls,ga_gnn,18504.978,43.0148,6.9831,0.3,20
exact_calls,ga_gnn,20828.3537,43.0148,6.9831,0.3,20
exact_calls,ga_gnn,23443.4388,43.0148,6.9831,0.3,20
exact_calls,ga_gnn,26386.8585,43.0148,6.9831,0.3,20
exact_calls,ga_gnn,29699.8365,43.0148,6.9831,0.3,20
exact_calls,ga_gnn,33428.7726,43.0148,6.9831,0.3,20
exact_calls,ga_gnn,37625.8918,43.0148,6.9831,0.3,20
exact_calls,ga_gnn,42349.9764,43.0148,6.9831,0.3,20
exact_calls,ga_gnn,47667.1893,43.0148,6.9831,0.3,20
exact_calls,ga_gnn,53652.0,43.0148,6.9831,0.3,20
exact_calls,ga_gnn_policy,50.0,49.3468,0.3549,0.55,20
exact_calls,ga_gnn_policy,56.2777,49.5639,0.2574,0.85,20
exact_calls,ga_gnn_policy,63.3436,49.6036,0.2171,0.9,20
exact_calls,ga_gnn_policy,71.2966,49.641,0.1601,0.95,20
exact_calls,ga_gnn_policy,80.2482,49.6848,0.016,1.0,20
exact_calls,ga_gnn_policy,90.3237,49.6866,0.0161,1.0,20
exact_calls,ga_gnn_policy,101.6642,49.6866,0.0161,1.0,20
exact_calls,ga_gnn_policy,114.4286,49.6873,0.0155,1.0,20
exact_calls,ga_gnn_policy,128.7956,49.6873,0.0155,1.0,20
exact_calls,ga_gnn_policy,144.9664,49.6873,0.0155,1.0,20
exact_calls,ga_gnn_policy,163.1675,49.6873,0.0155,1.0,20
exact_calls,ga_gnn_policy,183.6539,49.6873,0.0155,1.0,20
exact_calls,ga_gnn_policy,206.7124,49.688,0.015,1.0,20
exact_calls,ga_gnn_policy,232.666,49.688,0.015,1.0,20
exact_calls,ga_gnn_policy,261.8781,49.688,0.015,1.0,20
exact_calls,ga_gnn_policy,294.758,49.688,0.015,1.0,20
exact_calls,ga_gnn_policy,331.7661,49.688,0.015,1.0,20
exact_calls,ga_gnn_policy,373.4206,49.688,0.015,1.0,20
exact_calls,ga_gnn_policy,420.3051,49.688,0.015,1.0,20
exact_calls,ga_gnn_policy,473.0762,49.688,0.015,1.0,20
exact_calls,ga_gnn_policy,532.4728,49.688,0.015,1.0,20
exact_calls,ga_gnn_policy,599.3269,49.688,0.015,1.0,20
exact_calls,ga_gnn_policy,674.5749,49.688,0.015,1.0,20
exact_calls,ga_gnn_policy,759.2705,49.688,0.015,1.0,20
exact_calls,ga_gnn_policy,854.6001,49.6887,0.0143,1.0,20
exact_calls,ga_gnn_policy,961.8986,49.6887,0.0143,1.0,20
exact_calls,ga_gnn_policy,1082.6689,49.6887,0.0143,1.0,20
exact_calls,ga_gnn_policy,1218.6024,49.6887,0.0143,1.0,20
exact_calls,ga_gnn_policy,1371.6029,49.6894,0.0136,1.0,20
exact_calls,ga_gnn_policy,1543.8133,49.6894,0.0136,1.0,20
exact_calls,ga_gnn_policy,1737.6454,49.6894,0.0136,1.0,20
exact_calls,ga_gnn_policy,1955.8138,49.6894,0.0136,1.0,20
exact_calls,ga_gnn_policy,2201.3743,49.6901,0.0128,1.0,20
exact_calls,ga_gnn_policy,2477.7658,49.6908,0.0119,1.0,20
exact_calls,ga_gnn_policy,2788.8595,49.6908,0.0119,1.0,20
exact_calls,ga_gnn_policy,3139.0122,49.6998,0.0046,1.0,20
exact_calls,ga_gnn_policy,3533.128,49.6998,0.0046,1.0,20
exact_calls,ga_gnn_policy,3976.7267,49.6998,0.0046,1.0,20
exact_calls,ga_gnn_policy,4476.021,49.6998,0.0046,1.0,20
exact_calls,ga_gnn_policy,5038.0038,49.6998,0.0046,1.0,20
exact_calls,ga_gnn_policy,5670.5458,49.6998,0.0046,1.0,20
exact_calls,ga_gnn_policy,6382.506,49.6998,0.0046,1.0,20
exact_calls,ga_gnn_policy,7183.8557,49.6998,0.0046,1.0,20
exact_calls,ga_gnn_policy,8085.8182,49.6998,0.0046,1.0,20
exact_calls,ga_gnn_policy,9101.0258,49.6998,0.0046,1.0,20
exact_calls,ga_gnn_policy,10243.6968,49.6998,0.0046,1.0,20
exact_calls,ga_gnn_policy,11529.8349,49.6998,0.0046,1.0,20
exact_calls,ga_gnn_policy,12977.4528,49.6998,0.0046,1.0,20
exact_calls,ga_gnn_policy,14606.8252,49.6998,0.0046,1.0,20
exact_calls,ga_gnn_policy,16440.7718,49.6998,0.0046,1.0,20
exact_calls,ga_gnn_policy,18504.978,49.6998,0.0046,1.0,20
exact_calls,ga_gnn_policy,20828.3537,49.6998,0.0046,1.0,20
exact_calls,ga_gnn_policy,23443.4388,49.6998,0.0046,1.0,20
exact_calls,ga_gnn_policy,26386.8585,49.6998,0.0046,1.0,20
exact_calls,ga_gnn_policy,29699.8365,49.6998,0.0046,1.0,20
exact_calls,ga_gnn_policy,33428.7726,49.6998,0.0046,1.0,20
exact_calls,ga_gnn_policy,37625.8918,49.6998,0.0046,1.0,20
exact_calls,ga_gnn_policy,42349.9764,49.6998,0.0046,1.0,20
exact_calls,ga_gnn_policy,47667.1893,49.6998,0.0046,1.0,20
exact_calls,ga_gnn_policy,53652.0,49.6998,0.0046,1.0,20
